order_id,product_id,customer_id,quantity,order_date,total_amount
1,80,10,4,2023-3-20,1003
2,69,30,3,2023-12-11,780
3,61,20,4,2023-4-26,1218
4,62,44,3,2023-8-26,2022
5,78,46,4,2023-8-5,1291
6,57,34,1,2023-9-12,1529
7,10,24,3,2023-2-26,191
8,46,48,4,2023-10-15,2170
9,57,10,4,2023-1-11,1816
10,31,39,1,2023-1-6,170
11,74,16,1,2023-7-6,1987
12,68,17,1,2023-12-20,247
13,21,1,2,2023-6-19,1671
14,31,16,2,2023-12-7,235
15,81,19,2,2023-9-20,2336
16,30,9,1,2023-4-23,780
17,65,33,4,2023-1-9,145
18,38,41,5,2023-12-23,2260
19,45,1,5,2023-7-19,1004
20,61,10,4,2023-2-21,2208
21,40,42,5,2023-10-11,905
22,59,9,1,2023-3-11,835
23,32,32,5,2023-8-1,2488
24,8,29,3,2023-11-15,1023
25,86,12,4,2023-9-21,324
26,99,11,3,2023-10-3,2021
27,68,7,2,2023-12-7,2244
28,80,12,3,2023-3-5,1245
29,10,42,5,2023-10-16,2078
30,95,20,5,2023-11-20,1790
31,85,21,5,2023-6-18,1698
32,12,3,4,2023-11-3,1840
33,8,23,3,2023-11-9,1589
34,5,26,1,2023-1-23,1243
35,26,8,4,2023-6-5,1978
36,62,32,4,2023-6-1,887
37,78,31,4,2023-3-15,1145
38,73,47,1,2023-7-15,1686
39,88,29,1,2023-6-25,1340
40,34,4,3,2023-9-9,187
41,32,46,2,2023-4-22,751
42,36,26,5,2023-5-28,2335
43,14,24,2,2023-6-25,222
44,13,6,3,2023-6-28,2431
45,92,18,1,2023-10-10,1695
46,81,40,3,2023-12-25,2414
47,8,25,4,2023-10-14,2101
48,38,27,3,2023-8-12,1309
49,17,18,2,2023-10-10,208
50,51,36,2,2023-10-2,2326
51,29,4,4,2023-1-28,1444
52,70,14,5,2023-4-11,1703
53,34,8,1,2023-6-3,2290
54,66,32,2,2023-10-23,1718
55,19,21,1,2023-2-6,2489
56,66,33,1,2023-7-24,2210
57,25,39,5,2023-10-20,1510
58,56,3,5,2023-2-17,1542
59,86,9,1,2023-6-22,1132
60,53,48,5,2023-9-4,2152
61,50,15,1,2023-4-18,854
62,56,29,3,2023-4-15,1667
63,28,17,1,2023-9-19,2329
64,84,45,5,2023-10-13,38
65,19,29,2,2023-12-26,981
66,13,44,3,2023-4-16,301
67,63,40,5,2023-5-10,2257
68,33,7,5,2023-5-20,1972
69,37,30,2,2023-9-27,1357
70,71,21,1,2023-3-23,924
71,7,47,4,2023-4-1,658
72,21,31,5,2023-8-28,1863
73,10,17,2,2023-5-3,594
74,31,24,3,2023-11-28,1399
75,69,18,3,2023-1-6,652
76,11,14,5,2023-8-24,169
77,16,40,4,2023-3-7,701
78,79,28,4,2023-12-25,1591
79,20,3,1,2023-11-23,1292
80,7,27,5,2023-6-18,2354
81,2,18,4,2023-8-17,1740
82,47,50,5,2023-11-16,1158
83,54,15,4,2023-10-8,1325
84,40,14,5,2023-4-19,938
85,20,34,4,2023-2-11,1121
86,100,16,5,2023-9-21,18
87,6,44,5,2023-6-23,1100
88,59,31,1,2023-2-18,844
89,47,46,4,2023-8-17,508
90,44,41,4,2023-10-9,200
91,47,42,4,2023-7-28,1007
92,9,12,5,2023-3-21,1991
93,69,37,4,2023-4-6,104
94,34,10,3,2023-10-26,1856
95,40,35,1,2023-11-20,1365
96,4,1,3,2023-8-4,1798
97,9,19,1,2023-10-2,560
98,91,10,5,2023-10-7,359
99,67,4,3,2023-12-18,108
100,46,17,3,2023-3-7,2336
101,78,37,1,2023-2-5,81
102,35,9,4,2023-5-20,992
103,80,50,5,2023-11-3,1810
104,61,46,1,2023-12-3,1733
105,37,34,3,2023-9-19,2226
106,29,45,3,2023-7-4,945
107,38,3,2,2023-7-3,1873
108,11,9,5,2023-1-4,1592
109,83,29,5,2023-5-10,1473
110,65,44,5,2023-6-18,2357
111,78,43,4,2023-6-15,1761
112,67,50,3,2023-2-25,387
113,24,15,1,2023-9-23,429
114,16,37,1,2023-6-7,1474
115,35,47,1,2023-3-10,1291
116,13,17,3,2023-4-14,135
117,80,23,1,2023-3-16,418
118,9,36,3,2023-11-9,1159
119,18,43,4,2023-6-21,1520
120,93,5,1,2023-2-5,1537
121,25,29,3,2023-5-20,862
122,8,17,4,2023-5-1,252
123,21,35,3,2023-8-10,1164
124,39,37,1,2023-9-20,81
125,56,23,3,2023-7-27,1997
126,79,18,4,2023-8-20,700
127,56,18,5,2023-4-6,2428
128,32,4,5,2023-6-11,1730
129,50,50,5,2023-5-19,1704
130,29,26,5,2023-10-1,1762
131,38,47,4,2023-1-22,1574
132,70,13,3,2023-5-21,1685
133,100,21,5,2023-4-4,1373
134,96,18,1,2023-4-15,1281
135,86,29,3,2023-7-24,787
136,30,11,4,2023-4-1,444
137,33,18,1,2023-1-6,1273
138,89,30,4,2023-5-2,2490
139,33,5,4,2023-5-1,1415
140,10,22,5,2023-12-2,1159
141,3,26,1,2023-4-1,208
142,50,20,4,2023-2-21,2117
143,75,26,3,2023-2-25,1509
144,37,32,2,2023-4-6,2406
145,56,33,5,2023-6-3,1474
146,41,18,5,2023-8-15,2109
147,96,25,2,2023-3-3,335
148,78,21,4,2023-8-23,1303
149,35,31,5,2023-2-13,131
150,10,26,1,2023-8-28,187
151,86,22,2,2023-8-2,704
152,12,2,1,2023-3-8,2364
153,97,44,4,2023-12-21,1687
154,73,12,2,2023-1-6,2199
155,9,24,3,2023-5-15,2421
156,8,13,3,2023-7-14,1691
157,1,3,1,2023-10-23,2459
158,100,17,3,2023-4-17,1072
159,83,14,5,2023-11-11,641
160,73,28,5,2023-11-14,553
161,84,20,1,2023-3-16,1169
162,59,46,4,2023-12-5,103
163,15,45,3,2023-1-11,1885
164,92,11,4,2023-8-21,2464
165,80,19,2,2023-11-24,1284
166,60,2,1,2023-9-8,1408
167,99,35,5,2023-5-2,169
168,47,1,4,2023-10-26,1309
169,62,12,3,2023-3-24,1659
170,8,17,5,2023-12-26,1112
171,78,19,3,2023-9-14,2053
172,88,27,5,2023-5-22,1152
173,88,39,5,2023-1-27,1225
174,82,26,2,2023-12-26,2429
175,95,38,3,2023-10-3,1779
176,10,2,3,2023-9-18,2177
177,30,45,5,2023-7-19,1276
178,11,3,4,2023-5-19,1786
179,24,3,5,2023-7-8,1824
180,19,38,5,2023-10-14,148
181,61,21,3,2023-8-25,1356
182,78,49,3,2023-11-14,188
183,68,22,3,2023-8-2,1340
184,95,29,4,2023-7-6,2299
185,26,45,2,2023-2-10,354
186,53,18,4,2023-10-27,2024
187,77,48,1,2023-8-7,1479
188,4,37,3,2023-10-3,24
189,40,22,1,2023-4-10,2460
190,78,28,5,2023-2-16,2110
191,70,47,1,2023-1-2,2472
192,52,35,1,2023-11-3,1901
193,32,16,5,2023-7-27,2064
194,4,19,1,2023-9-22,1187
195,19,41,2,2023-2-14,719
196,12,33,1,2023-2-23,1847
197,68,19,3,2023-7-7,522
198,48,1,4,2023-8-25,232
199,62,37,1,2023-4-24,434
200,95,24,1,2023-4-19,1073
201,55,48,5,2023-4-17,675
202,44,50,5,2023-7-13,2177
203,10,33,2,2023-2-20,401
204,70,42,3,2023-5-26,2257
205,49,45,4,2023-9-4,1006
206,65,13,2,2023-9-19,2103
207,52,4,4,2023-6-14,2228
208,60,40,3,2023-12-28,366
209,1,23,3,2023-7-25,186
210,41,22,3,2023-4-19,1621
211,38,38,1,2023-4-7,971
212,66,37,1,2023-6-19,2272
213,80,8,5,2023-12-10,2158
214,98,45,2,2023-4-19,1585
215,79,36,3,2023-10-26,1713
216,63,43,2,2023-11-1,2154
217,56,50,4,2023-3-9,788
218,30,17,3,2023-3-5,443
219,72,34,3,2023-2-23,152
220,15,15,2,2023-7-8,1380
221,9,39,2,2023-5-6,1518
222,7,25,5,2023-12-6,2258
223,62,49,5,2023-10-3,1197
224,6,33,5,2023-4-20,2278
225,74,35,5,2023-11-24,1668
226,77,14,1,2023-9-19,613
227,64,1,2,2023-4-12,2354
228,9,19,5,2023-10-10,2096
229,4,21,4,2023-3-14,789
230,48,4,3,2023-5-12,2433
231,74,18,5,2023-11-14,206
232,79,12,3,2023-12-21,2299
233,17,36,4,2023-1-17,2012
234,26,42,1,2023-2-3,1960
235,81,22,2,2023-5-10,1127
236,54,41,3,2023-11-4,1995
237,21,25,5,2023-5-25,1164
238,15,42,2,2023-12-16,1927
239,68,32,2,2023-12-14,2248
240,53,40,3,2023-4-14,480
241,11,29,5,2023-1-28,308
242,65,35,4,2023-5-3,2031
243,39,49,3,2023-9-21,331
244,87,2,2,2023-6-24,1040
245,74,2,4,2023-5-20,777
246,89,23,1,2023-3-18,2352
247,17,18,3,2023-1-21,37
248,31,44,5,2023-7-14,222
249,87,12,2,2023-12-27,288
250,92,37,1,2023-5-22,977
251,53,12,2,2023-4-28,1534
252,83,37,4,2023-1-27,1800
253,20,19,1,2023-6-9,696
254,50,49,4,2023-6-27,812
255,23,29,5,2023-5-2,1249
256,81,38,2,2023-2-22,2476
257,2,21,2,2023-7-15,1984
258,80,20,2,2023-3-3,1114
259,11,17,4,2023-5-2,2459
260,46,47,4,2023-2-1,160
261,54,12,5,2023-6-18,809
262,22,18,2,2023-4-8,1047
263,12,33,2,2023-2-8,1724
264,8,48,4,2023-11-1,2337
265,62,23,4,2023-11-11,2118
266,37,1,1,2023-2-28,1799
267,73,15,1,2023-10-4,1487
268,25,19,3,2023-1-20,1498
269,51,42,3,2023-1-2,1623
270,41,36,1,2023-8-13,1947
271,36,29,4,2023-12-27,1410
272,72,5,2,2023-3-26,2045
273,19,50,4,2023-1-17,1341
274,34,48,5,2023-1-28,65
275,92,21,1,2023-8-12,1202
276,18,8,2,2023-5-9,580
277,51,20,2,2023-10-10,1210
278,93,47,2,2023-8-16,1389
279,28,38,3,2023-12-20,2259
280,49,17,2,2023-2-4,1981
281,90,27,3,2023-2-27,1364
282,17,13,4,2023-5-28,2324
283,88,39,3,2023-2-6,680
284,47,17,1,2023-9-26,1091
285,41,19,1,2023-11-3,2122
286,80,45,5,2023-9-2,986
287,84,35,3,2023-11-8,1127
288,15,4,4,2023-4-4,1828
289,73,45,5,2023-2-6,836
290,66,32,1,2023-1-22,1427
291,27,37,4,2023-3-26,1699
292,2,29,2,2023-11-17,1106
293,2,49,3,2023-7-4,1956
294,99,33,4,2023-12-14,2155
295,21,16,5,2023-3-10,735
296,82,44,1,2023-7-7,1430
297,96,50,2,2023-11-15,2000
298,81,18,2,2023-2-21,814
299,89,13,2,2023-9-6,1503
300,12,49,5,2023-4-16,523
301,58,3,4,2023-12-25,1751
302,42,48,5,2023-4-15,1486
303,20,8,5,2023-3-10,263
304,96,45,5,2023-1-12,443
305,40,34,3,2023-10-9,1985
306,43,18,4,2023-11-1,1972
307,72,7,4,2023-9-9,748
308,35,47,5,2023-5-15,1095
309,49,33,4,2023-9-10,343
310,68,44,4,2023-2-5,1267
311,51,30,4,2023-12-25,1583
312,24,47,2,2023-4-1,1164
313,20,21,4,2023-11-6,2419
314,19,27,4,2023-4-27,2129
315,16,27,3,2023-3-26,1061
316,65,47,2,2023-11-22,1085
317,29,25,2,2023-4-10,1980
318,16,49,2,2023-2-28,1349
319,89,14,2,2023-3-18,89
320,83,48,5,2023-2-9,1238
321,81,17,5,2023-2-16,431
322,33,30,4,2023-12-7,2431
323,68,43,4,2023-3-10,988
324,59,37,4,2023-10-1,1181
325,4,43,3,2023-8-3,889
326,2,19,5,2023-3-6,1527
327,64,17,2,2023-2-5,1972
328,25,4,1,2023-7-8,2179
329,73,45,2,2023-4-10,1526
330,61,1,4,2023-7-5,595
331,92,17,4,2023-6-22,1575
332,12,17,3,2023-2-4,1636
333,5,20,2,2023-4-8,1645
334,39,18,1,2023-2-12,2466
335,91,34,4,2023-3-11,1873
336,65,3,5,2023-10-21,1592
337,44,13,5,2023-8-4,1554
338,87,29,4,2023-9-3,1435
339,45,39,2,2023-5-22,1104
340,69,42,3,2023-12-6,2272
341,93,13,5,2023-8-5,1122
342,61,33,5,2023-1-10,341
343,61,45,1,2023-12-10,1585
344,34,17,3,2023-3-9,1026
345,44,48,3,2023-7-7,964
346,76,45,5,2023-9-18,363
347,95,44,5,2023-12-7,1146
348,26,34,1,2023-5-16,885
349,24,47,2,2023-4-3,2093
350,20,39,1,2023-11-8,815
351,75,39,3,2023-6-27,640
352,36,35,3,2023-4-19,222
353,29,42,2,2023-8-26,669
354,22,25,1,2023-2-24,643
355,9,28,4,2023-12-8,146
356,10,30,1,2023-10-4,59
357,97,29,3,2023-1-22,2360
358,72,27,4,2023-1-22,77
359,68,42,3,2023-11-1,2178
360,29,21,5,2023-3-14,606
361,87,50,5,2023-9-24,2172
362,9,29,3,2023-1-25,538
363,49,48,2,2023-6-3,195
364,80,21,3,2023-9-3,1849
365,76,30,3,2023-7-26,1545
366,82,49,1,2023-4-28,1586
367,96,48,3,2023-3-23,2172
368,4,42,3,2023-3-9,2065
369,53,30,3,2023-8-13,789
370,81,28,2,2023-10-21,2345
371,64,5,3,2023-2-22,2306
372,53,50,5,2023-11-10,1463
373,75,37,2,2023-10-28,2099
374,96,1,2,2023-5-10,1517
375,50,50,3,2023-3-6,1882
376,20,42,5,2023-2-28,2066
377,90,31,1,2023-9-23,831
378,62,37,4,2023-3-11,399
379,88,23,1,2023-9-17,2395
380,52,37,1,2023-3-20,1360
381,7,45,1,2023-10-7,744
382,34,46,4,2023-6-10,707
383,29,12,4,2023-2-18,465
384,3,23,5,2023-11-25,581
385,90,2,3,2023-11-12,1064
386,33,34,5,2023-9-26,1712
387,13,16,2,2023-12-3,810
388,86,21,2,2023-10-24,1153
389,10,3,1,2023-3-11,2477
390,3,50,3,2023-2-10,1351
391,33,27,2,2023-12-10,25
392,1,31,3,2023-6-6,1551
393,12,6,1,2023-6-3,1761
394,69,8,5,2023-12-7,381
395,34,36,5,2023-7-17,1652
396,16,4,5,2023-4-9,1181
397,47,39,4,2023-10-6,1280
398,52,11,4,2023-8-11,1156
399,5,5,2,2023-9-28,576
400,59,20,4,2023-5-8,1748
401,91,9,5,2023-10-16,2124
402,66,25,2,2023-3-10,2445
403,60,34,2,2023-8-1,1664
404,2,35,3,2023-9-11,472
405,41,25,3,2023-7-8,2021
406,33,39,1,2023-7-1,2238
407,2,41,3,2023-8-14,1351
408,83,25,4,2023-5-10,2310
409,21,22,2,2023-5-19,1917
410,65,43,2,2023-4-8,1737
411,100,15,1,2023-8-4,283
412,47,3,4,2023-3-17,2433
413,75,7,5,2023-7-14,1476
414,6,37,2,2023-9-27,1901
415,51,43,4,2023-9-9,2208
416,60,42,3,2023-1-8,2343
417,96,28,4,2023-7-21,1961
418,85,13,4,2023-12-26,395
419,51,23,5,2023-6-14,1131
420,77,46,3,2023-1-13,731
421,28,42,4,2023-11-22,1121
422,64,29,3,2023-8-14,801
423,82,29,5,2023-12-28,2079
424,1,49,1,2023-4-18,353
425,3,50,1,2023-11-11,964
426,5,30,4,2023-4-20,2387
427,50,38,4,2023-11-17,1733
428,27,20,3,2023-10-10,2051
429,97,5,3,2023-9-1,1681
430,43,28,1,2023-8-21,2130
431,53,49,3,2023-4-23,453
432,49,7,3,2023-11-25,513
433,25,31,1,2023-3-3,2201
434,29,44,2,2023-4-22,1311
435,20,17,3,2023-10-1,1281
436,85,34,3,2023-3-19,926
437,48,18,4,2023-10-12,1568
438,64,49,2,2023-12-27,935
439,5,27,2,2023-7-21,97
440,4,14,5,2023-2-21,2054
441,50,37,3,2023-12-22,764
442,83,2,5,2023-10-5,813
443,26,33,3,2023-3-12,1004
444,34,26,4,2023-10-10,287
445,51,22,5,2023-7-9,2396
446,51,19,1,2023-11-17,111
447,4,6,5,2023-4-17,2343
448,51,4,1,2023-11-18,215
449,89,17,1,2023-3-27,1437
450,25,50,1,2023-6-8,281
451,10,17,2,2023-3-12,1214
452,24,3,1,2023-4-1,1530
453,47,18,3,2023-3-21,1763
454,74,31,5,2023-11-13,1564
455,56,42,3,2023-2-21,2190
456,66,37,5,2023-11-26,1972
457,85,35,3,2023-8-26,766
458,94,39,5,2023-4-17,2384
459,8,18,1,2023-10-22,1411
460,77,33,5,2023-2-12,2019
461,94,10,5,2023-4-23,261
462,8,30,4,2023-6-6,2120
463,49,29,3,2023-9-13,1106
464,28,39,3,2023-3-10,893
465,50,6,3,2023-5-18,1239
466,74,43,3,2023-3-20,1116
467,10,21,4,2023-4-4,1204
468,38,7,3,2023-6-25,1488
469,96,5,2,2023-9-27,981
470,76,14,2,2023-7-21,1137
471,5,26,1,2023-9-10,798
472,34,17,2,2023-2-1,1999
473,12,26,1,2023-10-28,929
474,49,26,5,2023-12-25,720
475,16,19,1,2023-5-6,603
476,6,4,5,2023-4-7,1085
477,17,34,3,2023-11-6,936
478,56,41,1,2023-12-3,2012
479,47,45,1,2023-10-17,993
480,81,19,5,2023-5-3,1231
481,65,40,1,2023-11-9,467
482,89,8,3,2023-9-1,107
483,40,36,2,2023-5-22,2042
484,85,50,2,2023-2-9,1366
485,26,21,3,2023-3-4,1824
486,54,16,5,2023-10-8,796
487,76,18,3,2023-7-3,2281
488,5,36,3,2023-10-4,1287
489,4,38,3,2023-5-7,57
490,94,9,1,2023-7-11,1768
491,7,4,5,2023-8-8,1037
492,52,34,5,2023-11-10,636
493,84,41,1,2023-2-19,480
494,95,37,3,2023-12-15,1441
495,70,29,5,2023-1-4,858
496,76,5,2,2023-12-12,2372
497,8,38,1,2023-8-26,1809
498,72,25,4,2023-12-24,369
499,93,41,1,2023-7-28,1163
500,66,48,3,2023-4-12,1435
501,82,38,3,2023-5-22,1800
502,27,11,1,2023-5-16,269
503,14,3,4,2023-9-26,692
504,92,23,2,2023-8-3,2496
505,44,23,1,2023-6-10,1074
506,37,9,1,2023-11-8,1554
507,59,10,1,2023-4-28,455
508,18,26,4,2023-10-19,785
509,87,8,3,2023-12-14,1877
510,67,40,3,2023-2-21,2474
511,46,40,3,2023-4-12,1309
512,21,35,4,2023-7-18,1074
513,17,9,3,2023-9-5,1707
514,62,42,4,2023-2-13,1300
515,18,22,1,2023-8-2,1062
516,68,35,5,2023-9-23,1468
517,56,13,1,2023-2-25,2266
518,34,44,3,2023-11-23,725
519,13,25,5,2023-12-23,413
520,86,30,1,2023-1-26,1136
521,6,9,1,2023-6-23,2318
522,12,13,4,2023-8-24,502
523,84,15,1,2023-8-12,1384
524,97,26,5,2023-8-12,1260
525,95,42,4,2023-9-27,1936
526,90,8,1,2023-11-26,1984
527,49,6,2,2023-2-27,1399
528,34,5,5,2023-3-9,461
529,71,36,1,2023-10-25,1664
530,3,30,5,2023-4-9,739
531,29,1,2,2023-9-16,1209
532,73,13,5,2023-1-18,944
533,93,25,1,2023-12-20,2191
534,86,13,4,2023-6-20,2446
535,53,2,2,2023-2-25,2076
536,8,31,1,2023-1-14,1574
537,20,17,2,2023-11-21,1206
538,34,36,4,2023-2-5,263
539,31,26,5,2023-8-23,1472
540,51,46,3,2023-2-17,1355
541,22,27,4,2023-11-3,302
542,97,38,4,2023-12-19,1409
543,74,48,4,2023-4-19,2500
544,46,19,4,2023-2-26,435
545,64,50,1,2023-4-17,188
546,61,39,3,2023-8-4,1585
547,3,33,3,2023-2-19,930
548,7,36,5,2023-9-13,678
549,4,48,1,2023-7-13,2444
550,44,43,3,2023-5-6,971
551,7,34,1,2023-10-11,1360
552,99,21,5,2023-10-24,2354
553,28,4,4,2023-6-21,1121
554,17,26,5,2023-1-26,1878
555,66,15,2,2023-11-20,776
556,5,10,5,2023-5-19,1906
557,14,36,4,2023-4-17,628
558,19,20,5,2023-4-24,990
559,46,2,1,2023-1-4,1551
560,59,13,5,2023-8-20,2030
561,77,28,1,2023-12-26,1332
562,87,42,5,2023-4-16,902
563,1,45,3,2023-1-22,2296
564,38,29,5,2023-9-10,735
565,40,18,3,2023-2-25,2436
566,74,50,4,2023-8-23,1141
567,31,3,1,2023-2-11,267
568,77,34,5,2023-11-4,1933
569,75,15,3,2023-12-17,2123
570,18,48,2,2023-11-28,1608
571,49,19,2,2023-5-21,463
572,93,30,1,2023-9-1,716
573,72,21,1,2023-1-10,1681
574,13,8,1,2023-5-16,1146
575,80,15,3,2023-3-25,486
576,57,23,1,2023-12-7,111
577,7,5,1,2023-5-9,1813
578,65,6,2,2023-1-24,206
579,77,9,2,2023-1-18,622
580,45,49,5,2023-10-7,886
581,37,43,4,2023-4-25,1917
582,38,15,2,2023-6-3,1696
583,41,42,3,2023-9-2,610
584,38,7,5,2023-2-25,229
585,20,13,1,2023-8-15,1193
586,96,36,5,2023-4-12,190
587,92,6,4,2023-6-23,1612
588,68,38,5,2023-8-10,2376
589,96,42,2,2023-1-18,1623
590,36,47,3,2023-12-11,1230
591,27,12,5,2023-11-13,1430
592,59,26,3,2023-6-10,2338
593,47,50,3,2023-10-23,2485
594,13,34,2,2023-2-22,710
595,69,17,3,2023-8-1,1210
596,98,42,5,2023-8-23,1775
597,2,5,3,2023-1-24,1724
598,59,15,3,2023-11-15,2442
599,83,40,1,2023-8-5,441
600,55,36,2,2023-5-28,2247
601,47,31,3,2023-10-26,134
602,18,4,2,2023-9-27,806
603,34,9,5,2023-3-16,210
604,91,46,4,2023-5-26,226
605,82,9,4,2023-12-21,2413
606,12,30,2,2023-9-3,121
607,96,19,4,2023-9-18,1178
608,63,23,1,2023-6-10,984
609,96,24,5,2023-5-6,1793
610,76,2,1,2023-4-27,2318
611,18,11,1,2023-4-7,1559
612,66,5,5,2023-11-14,912
613,1,27,5,2023-12-3,1651
614,32,11,5,2023-6-22,300
615,25,37,5,2023-12-21,1048
616,93,31,3,2023-9-26,1303
617,71,42,2,2023-2-21,2435
618,73,40,1,2023-1-18,474
619,47,23,3,2023-8-13,120
620,64,30,1,2023-6-28,2250
621,34,38,4,2023-1-28,84
622,54,30,4,2023-2-21,579
623,90,11,5,2023-1-19,1126
624,33,28,4,2023-4-23,1739
625,47,21,1,2023-5-17,2078
626,86,4,1,2023-4-26,1689
627,50,4,4,2023-7-10,2093
628,94,40,5,2023-7-26,988
629,82,10,5,2023-7-1,729
630,82,27,5,2023-5-20,2288
631,72,23,1,2023-1-24,679
632,7,18,3,2023-10-19,1616
633,10,33,2,2023-10-4,932
634,97,4,3,2023-2-4,1544
635,7,49,1,2023-3-27,1361
636,2,10,3,2023-2-22,1084
637,89,42,2,2023-12-1,2212
638,1,22,4,2023-2-5,2154
639,97,48,3,2023-12-10,43
640,34,14,1,2023-11-16,1746
641,66,22,2,2023-1-25,741
642,91,13,5,2023-6-24,2416
643,62,41,4,2023-5-5,557
644,93,19,5,2023-2-18,1564
645,2,14,2,2023-8-24,518
646,74,34,4,2023-4-10,2086
647,31,45,1,2023-2-10,1301
648,5,8,1,2023-8-7,2309
649,92,46,4,2023-9-28,743
650,38,32,5,2023-12-7,220
651,64,15,1,2023-5-9,997
652,29,46,5,2023-5-3,427
653,3,38,3,2023-4-17,150
654,90,33,1,2023-10-26,1796
655,17,36,4,2023-8-15,1465
656,80,47,3,2023-9-15,128
657,71,33,1,2023-7-23,127
658,60,9,5,2023-12-13,77
659,6,16,2,2023-3-7,1557
660,82,8,3,2023-10-1,118
661,50,19,1,2023-3-24,586
662,99,27,1,2023-5-6,1584
663,90,18,3,2023-7-14,892
664,22,37,4,2023-12-8,1942
665,57,48,1,2023-9-21,1819
666,95,2,2,2023-11-8,1395
667,34,25,4,2023-1-9,1189
668,57,23,4,2023-12-17,1895
669,66,49,3,2023-5-24,894
670,59,18,4,2023-2-28,1529
671,88,17,2,2023-1-26,1276
672,71,38,3,2023-11-6,1541
673,100,47,2,2023-2-4,1192
674,22,26,1,2023-5-5,1374
675,39,29,2,2023-5-7,1730
676,41,40,4,2023-8-18,904
677,27,13,5,2023-7-3,554
678,80,38,3,2023-10-16,835
679,87,39,1,2023-3-17,2282
680,44,31,3,2023-7-21,2083
681,87,39,2,2023-10-22,118
682,45,26,5,2023-2-19,2257
683,32,8,5,2023-9-10,2031
684,64,46,3,2023-1-11,540
685,6,1,3,2023-10-13,2498
686,100,33,3,2023-1-25,322
687,88,8,2,2023-4-7,818
688,11,42,5,2023-10-23,691
689,33,24,5,2023-5-1,376
690,55,41,3,2023-9-12,176
691,21,48,4,2023-12-12,216
692,36,10,4,2023-6-19,752
693,46,33,1,2023-6-16,2255
694,42,2,4,2023-6-4,686
695,88,33,5,2023-5-25,265
696,87,17,1,2023-4-11,2109
697,49,6,2,2023-12-13,1570
698,24,24,5,2023-8-24,723
699,19,15,4,2023-2-27,2024
700,11,38,1,2023-7-2,534
701,9,16,5,2023-5-6,1065
702,24,20,1,2023-10-15,1994
703,8,17,5,2023-5-23,1823
704,93,16,4,2023-3-19,2123
705,77,48,4,2023-4-4,2034
706,7,32,3,2023-12-12,1861
707,90,24,4,2023-10-22,1198
708,9,26,4,2023-6-4,891
709,20,3,2,2023-2-12,1129
710,16,11,2,2023-6-3,2080
711,21,12,2,2023-7-4,2114
712,35,4,1,2023-12-10,493
713,52,27,5,2023-2-18,459
714,86,5,5,2023-11-7,2453
715,51,48,5,2023-6-12,2236
716,60,45,2,2023-1-15,754
717,75,4,2,2023-6-24,772
718,95,47,1,2023-10-3,2124
719,23,4,2,2023-6-22,20
720,73,6,5,2023-9-25,515
721,32,27,1,2023-1-5,177
722,52,4,5,2023-10-7,691
723,27,29,4,2023-7-16,753
724,53,42,5,2023-11-1,1493
725,16,35,1,2023-7-17,2158
726,19,12,5,2023-9-1,586
727,16,32,5,2023-2-23,724
728,8,4,3,2023-2-28,1876
729,47,8,5,2023-7-24,571
730,18,42,4,2023-12-26,511
731,74,29,5,2023-3-17,2374
732,48,17,4,2023-7-6,1636
733,83,1,1,2023-1-27,812
734,7,44,2,2023-5-25,296
735,11,12,1,2023-7-27,642
736,41,3,5,2023-4-23,842
737,18,15,4,2023-5-25,758
738,40,41,4,2023-4-16,501
739,72,40,1,2023-7-17,13
740,59,23,5,2023-5-2,1835
741,45,12,3,2023-12-26,2087
742,43,39,3,2023-8-17,544
743,17,24,3,2023-7-11,148
744,83,17,5,2023-12-20,346
745,100,9,1,2023-5-19,291
746,24,29,5,2023-6-22,259
747,5,45,4,2023-4-20,742
748,42,22,4,2023-2-27,1585
749,36,39,3,2023-8-27,2149
750,28,39,4,2023-4-17,1811
751,31,3,4,2023-7-21,2016
752,30,35,3,2023-3-24,1362
753,72,30,5,2023-8-3,1279
754,92,38,5,2023-11-5,50
755,16,11,3,2023-7-3,1502
756,91,29,3,2023-6-25,1847
757,48,48,2,2023-2-4,1588
758,67,30,2,2023-1-3,1838
759,18,16,5,2023-12-25,2365
760,54,37,1,2023-1-10,956
761,72,19,3,2023-12-19,1699
762,60,5,1,2023-5-12,1755
763,9,34,5,2023-9-12,1740
764,12,49,1,2023-8-28,1782
765,10,10,2,2023-8-28,2037
766,60,46,2,2023-9-4,1550
767,28,33,4,2023-12-16,448
768,28,34,4,2023-3-20,2119
769,10,15,1,2023-5-13,532
770,90,12,2,2023-1-5,1552
771,19,41,5,2023-6-24,548
772,22,29,4,2023-7-22,163
773,14,23,4,2023-7-3,1536
774,66,50,5,2023-7-23,1711
775,29,49,5,2023-6-7,1081
776,83,14,5,2023-5-28,304
777,59,21,4,2023-11-24,645
778,30,50,2,2023-9-11,610
779,19,14,1,2023-4-16,906
780,60,8,3,2023-8-27,497
781,14,24,2,2023-12-6,45
782,86,26,2,2023-2-10,666
783,36,37,2,2023-6-11,1994
784,1,36,4,2023-4-20,641
785,46,7,1,2023-7-14,686
786,71,3,1,2023-2-28,1540
787,99,32,2,2023-11-11,1455
788,63,42,3,2023-7-28,2181
789,9,46,3,2023-7-5,794
790,82,2,2,2023-12-28,1683
791,79,15,3,2023-10-22,2176
792,53,27,1,2023-3-9,1946
793,16,4,2,2023-7-6,1130
794,21,26,1,2023-11-12,1479
795,97,24,5,2023-9-21,96
796,60,47,5,2023-12-17,59
797,50,17,5,2023-3-22,2024
798,7,40,3,2023-4-17,454
799,35,14,4,2023-11-20,635
800,17,32,2,2023-7-15,218
801,79,24,3,2023-7-15,1259
802,13,7,2,2023-12-15,1926
803,10,12,4,2023-3-26,472
804,41,38,2,2023-10-19,2183
805,95,3,1,2023-8-11,119
806,81,47,3,2023-11-28,177
807,57,45,5,2023-12-1,2133
808,32,47,5,2023-3-25,2477
809,59,35,4,2023-4-14,714
810,14,47,2,2023-10-14,2467
811,79,34,4,2023-6-17,1563
812,30,19,5,2023-9-20,1672
813,78,28,4,2023-12-7,443
814,22,15,3,2023-7-1,896
815,21,3,5,2023-8-22,153
816,89,10,2,2023-8-12,2008
817,14,44,5,2023-1-7,2162
818,14,19,3,2023-12-3,171
819,89,24,1,2023-10-23,2278
820,85,29,1,2023-7-28,2112
821,16,41,3,2023-11-23,344
822,67,27,4,2023-7-12,1289
823,11,41,1,2023-6-28,446
824,58,1,5,2023-11-6,301
825,68,46,1,2023-3-14,403
826,71,22,3,2023-9-12,479
827,90,43,4,2023-2-22,1598
828,25,44,2,2023-6-2,1935
829,66,34,5,2023-1-14,1186
830,77,17,3,2023-6-8,1407
831,21,42,3,2023-9-16,798
832,33,36,4,2023-5-9,112
833,88,29,3,2023-8-25,1774
834,17,40,5,2023-9-28,767
835,60,42,4,2023-2-9,406
836,36,37,2,2023-6-4,1574
837,33,33,1,2023-8-23,40
838,96,14,4,2023-11-7,871
839,16,48,1,2023-4-27,2258
840,86,22,2,2023-4-26,1994
841,44,48,1,2023-2-7,1825
842,73,45,3,2023-1-15,918
843,90,9,3,2023-9-18,275
844,38,1,1,2023-1-8,1928
845,45,42,2,2023-5-10,1547
846,24,26,5,2023-9-13,1564
847,49,30,2,2023-5-4,678
848,25,30,2,2023-7-8,762
849,56,48,1,2023-2-1,374
850,94,38,4,2023-1-16,2137
851,95,34,4,2023-10-13,790
852,15,29,5,2023-5-15,2490
853,23,28,4,2023-5-14,1824
854,58,11,3,2023-11-21,659
855,16,31,3,2023-10-16,2408
856,57,1,3,2023-4-20,1796
857,14,42,4,2023-12-3,2422
858,36,6,4,2023-6-11,215
859,72,15,5,2023-4-8,770
860,71,25,4,2023-8-16,936
861,11,26,5,2023-8-21,1561
862,21,48,1,2023-10-6,1622
863,7,37,1,2023-3-25,299
864,77,11,3,2023-5-9,1603
865,88,14,2,2023-6-11,788
866,91,47,3,2023-4-8,1341
867,45,29,4,2023-1-7,542
868,5,33,3,2023-12-22,2303
869,98,29,4,2023-11-19,816
870,69,8,3,2023-7-14,2066
871,95,50,3,2023-2-3,657
872,10,40,2,2023-6-13,200
873,76,42,1,2023-9-3,437
874,51,5,5,2023-4-28,1545
875,74,25,5,2023-10-19,1822
876,88,18,4,2023-6-3,1972
877,100,34,5,2023-1-8,1143
878,84,30,2,2023-11-13,2479
879,77,43,5,2023-8-19,2283
880,93,49,3,2023-7-19,210
881,7,45,1,2023-12-12,539
882,6,33,3,2023-6-16,1973
883,8,31,5,2023-5-18,1079
884,10,13,2,2023-6-20,242
885,64,10,1,2023-3-21,1818
886,80,38,3,2023-2-14,405
887,78,29,3,2023-10-27,408
888,31,14,2,2023-3-16,1979
889,86,9,4,2023-3-7,187
890,31,49,3,2023-4-21,933
891,5,24,3,2023-7-16,1249
892,10,2,5,2023-10-12,1857
893,57,16,1,2023-11-22,401
894,95,9,2,2023-5-28,2061
895,15,31,4,2023-12-7,946
896,12,28,4,2023-11-23,1835
897,30,32,1,2023-3-25,869
898,83,15,2,2023-4-6,1808
899,39,10,1,2023-3-9,2305
900,67,36,3,2023-6-12,1744
901,86,19,2,2023-2-6,335
902,95,15,2,2023-11-11,2339
903,79,29,4,2023-4-17,67
904,35,35,4,2023-1-7,1617
905,60,23,1,2023-8-4,1230
906,20,40,5,2023-7-16,819
907,30,32,2,2023-6-3,1375
908,28,33,4,2023-5-15,2371
909,62,19,5,2023-5-25,663
910,68,24,4,2023-4-15,351
911,12,23,1,2023-5-19,323
912,62,44,3,2023-4-25,119
913,65,27,2,2023-9-23,1083
914,19,23,3,2023-5-2,2403
915,83,1,3,2023-4-22,2232
916,49,43,5,2023-7-18,99
917,49,8,5,2023-9-25,879
918,18,42,1,2023-6-7,1352
919,85,18,1,2023-9-11,2257
920,3,9,4,2023-12-4,2018
921,47,11,1,2023-7-7,1051
922,88,10,5,2023-5-28,937
923,51,35,5,2023-2-19,1347
924,44,5,5,2023-9-22,1123
925,33,21,3,2023-12-7,1474
926,60,10,1,2023-12-27,176
927,41,25,1,2023-8-16,1972
928,77,17,1,2023-2-17,373
929,54,28,1,2023-9-13,2132
930,19,32,4,2023-5-13,498
931,61,32,4,2023-11-11,97
932,48,49,3,2023-2-1,928
933,92,11,2,2023-7-9,617
934,98,48,3,2023-6-1,1131
935,89,20,2,2023-8-22,1573
936,96,35,2,2023-11-5,2073
937,50,10,5,2023-8-12,1609
938,26,42,2,2023-8-18,1581
939,33,26,1,2023-10-17,1190
940,63,24,2,2023-1-25,828
941,19,33,5,2023-7-13,1111
942,15,9,2,2023-9-23,1196
943,82,35,5,2023-2-16,2046
944,16,9,1,2023-4-8,2113
945,69,10,3,2023-11-1,1560
946,39,28,2,2023-8-1,2481
947,76,14,3,2023-6-17,1732
948,3,8,1,2023-2-15,1299
949,93,49,1,2023-12-9,2076
950,30,25,3,2023-12-26,1948
951,76,44,1,2023-12-19,1751
952,40,50,4,2023-3-8,1951
953,98,31,5,2023-2-2,240
954,32,41,1,2023-7-4,329
955,45,7,5,2023-4-18,1293
956,96,25,4,2023-12-19,2197
957,27,26,3,2023-7-11,497
958,82,24,5,2023-8-22,275
959,52,40,2,2023-8-26,1978
960,20,2,2,2023-8-28,782
961,58,6,1,2023-8-23,1575
962,45,1,5,2023-9-18,2357
963,20,43,5,2023-4-21,1657
964,42,1,5,2023-11-20,1162
965,73,4,5,2023-11-4,1754
966,64,8,5,2023-8-18,1245
967,90,13,5,2023-3-24,1349
968,48,5,4,2023-9-26,2019
969,35,40,1,2023-6-2,2148
970,47,24,3,2023-8-15,2098
971,8,24,2,2023-5-8,1190
972,79,40,4,2023-2-25,431
973,14,13,5,2023-11-23,945
974,96,34,2,2023-3-1,1717
975,7,11,2,2023-6-11,598
976,74,21,1,2023-5-17,2205
977,68,5,1,2023-11-22,573
978,78,40,5,2023-1-23,508
979,56,44,5,2023-10-10,618
980,14,37,4,2023-2-27,472
981,92,40,3,2023-4-8,1643
982,83,26,3,2023-10-22,1065
983,2,3,1,2023-2-2,2089
984,10,15,2,2023-4-8,2444
985,21,30,3,2023-8-17,791
986,64,18,3,2023-2-10,357
987,3,9,1,2023-9-12,2379
988,14,41,2,2023-3-6,2002
989,26,48,3,2023-1-15,2248
990,60,29,1,2023-2-16,485
991,92,22,2,2023-10-26,2420
992,45,28,3,2023-3-6,1018
993,68,25,4,2023-11-3,2285
994,87,21,3,2023-5-25,143
995,83,49,3,2023-2-28,2471
996,60,20,5,2023-4-15,2092
997,72,45,1,2023-3-22,2385
998,85,41,1,2023-6-3,1110
999,81,30,1,2023-10-8,1027
1000,78,20,1,2023-7-19,1361
